{"stats":{"minecraft:picked_up":{"minecraft:lead":2,"minecraft:orange_stained_glass":1,"minecraft:black_concrete":1},"minecraft:custom":{"minecraft:time_since_rest":128386,"minecraft:sprint_one_cm":880,"minecraft:walk_one_cm":7838,"minecraft:mob_kills":3,"minecraft:drop":8,"minecraft:damage_dealt":720,"minecraft:fly_one_cm":151959,"minecraft:crouch_one_cm":108,"minecraft:play_one_minute":130412,"minecraft:deaths":1,"minecraft:sneak_time":4795,"minecraft:jump":77,"minecraft:leave_game":1,"minecraft:time_since_death":128362},"minecraft:used":{"minecraft:purple_stained_glass":178,"minecraft:netherite_sword":11,"minecraft:writable_book":6,"minecraft:black_concrete":188,"minecraft:light_gray_stained_glass":51,"minecraft:command_block":1,"minecraft:yellow_stained_glass":93,"minecraft:red_stained_glass":130,"minecraft:barrier":16,"minecraft:oak_sign":6,"minecraft:lectern":5,"minecraft:cut_sandstone":23,"minecraft:magenta_stained_glass":37,"minecraft:orange_stained_glass":95,"minecraft:purple_concrete":62,"minecraft:black_stained_glass":89,"minecraft:written_book":5,"minecraft:blue_stained_glass":216,"minecraft:lime_stained_glass":70,"minecraft:white_stained_glass":55,"minecraft:pink_stained_glass":39,"minecraft:light_blue_stained_glass":77,"minecraft:blue_concrete":73,"minecraft:cyan_stained_glass":57,"minecraft:gray_stained_glass":35,"minecraft:green_stained_glass":57},"minecraft:killed":{"minecraft:trader_llama":2,"minecraft:wandering_trader":1},"minecraft:dropped":{"minecraft:light_gray_stained_glass":1,"minecraft:red_stained_glass":1,"minecraft:black_concrete":1,"minecraft:written_book":2,"minecraft:white_stained_glass":1,"minecraft:orange_stained_glass":2}},"DataVersion":2567}